csinewyork,73696,CSI
csiny,73696,CSI
csi,72546,CSI
csilasvegas,72546,CSI
archer,110381,Archer
lifeafterpeopleseries,83897,Life After People
lifeafterpeople,83897,Life After People
kitchennightmaresus,80552,Kitchen Nightmares US
dailyshow,71256,The Daily Show
dailyshowwithjonstewart,71256,The Daily Show
lawordersvu,75692,Law and Order SVU
laworderspecialvictimsunit,75692,Law and Order
lawordercriminalintent,71489,Law and Order
laworderci,71489,Law and Order
dancingwithstarsus,79590,Dancing With The Stars
craigferguson,73387,Craig Ferguson
jimmyfallon,85355,Jimmy Fallon
davidletterman,75088,David Letterman
bigbrotherus,76706,Big Brother
colony,105521,The Colony
colonyus,105521,The Colony
americasfunniesthomevideos,76235,Americas Funniest Home Videos
afhv,76235,Americas Funniest Home Videos
childrenshospitalus,139941,Childrens Hospital
childrenshospital,139941,Childrens Hospital
merlin,83123,Merlin
merlin2008,83123,Merlin
wwemondaynightraw,76779,WWE Monday Night RAW
shitmydadsays,164951,Shit My Dad Says
geniuswithdavegorman,83714,Genius with Dave Gorman
laworderla,168161,Law and Order
startrektos,77526,Star Trek TOS
startrekds,72073,Star Trek DS9
ellendegeneres,72194,Ellen Degeneres
drinkingmadeeasy,195831,Drinking Made Easy
zanelampreysdrinkingmadeeasy,195831,Drinking Made Easy
poirot,76133,Poirot
agathachristiespoirot,76133,Poirot
realworldroadruleschallenge,70870,The Real World Road Rules Challenge
challengecutthroat,70870,The Challenge Cutthroat
thisoldhouseprogram,77444,This Old House Program
minutesus,73290,60 Minutes
conan,194751,Conan
conan2010,194751,Conan
carlos2010,164451,Carlos 2010
babalon,70726,Babalon
genius,83714,Genius
geniuswithdavegormand,83714,Genius With Dave Gormand
comeflywithme2010,212571,Come Fly With Me 2010
bordersecurity,81563,Border Security
bordersecurityaustraliasfrontline,81563,Border Security Australias Frontline
silentlibraryus,172381,Silent Library US
scifiscience,131791,Sci Fi Science
frontline,80646,Frontline
frontlineus,80646,Frontline
rbtau,189931,RBT AU
house,73255,House
housemd,73255,House
office,73244,The Office
officeus,73244,The Office
thevoice,247824,The Voice
battlestargalactica,73545,Battlestar Galactica
hawaiifive2010,164541,Hawaii Five 0
onceupontime,248835,Once Upon a Time
